{
  "employees": [
    {
      "id": "90d8",
      "name": "marcos",
      "lastName": "dominguez",
      "email": "marcos@gmail.com",
      "position": "operario",
      "date": "2021-02-01",
      "cv": "https://www.funcionpublica.gov.co/documents/418537/28811162/formato-unico-de-hoja-de-vida-persona-natural.pdf/",
      "webSite": "https://www.coca-cola.com/co/es",
      "id_company": "38cb"
    },
    {
      "id": "c130",
      "name": "dina luz",
      "lastName": "manzanillo",
      "email": "dina@gmail.com",
      "position": "arquitecta",
      "date": "2020-10-05",
      "cv": "https://www.funcionpublica.gov.co/documents/418537/28811162/formato-unico-de-hoja-de-vida-persona-natural.pdf/",
      "webSite": "https://www.coca-cola.com/co/es",
      "id_company": "8b61"
    },
    {
      "id": "a7c1",
      "name": "wisin",
      "lastName": "morera",
      "email": "wisin@gmail.com",
      "position": "cantante",
      "date": "2020-05-02",
      "cv": "https://www.funcionpublica.gov.co/documents/418537/28811162/formato-unico-de-hoja-de-vida-persona-natural.pdf/",
      "webSite": "https://www.coca-cola.com/co/es",
      "id_company": "8b61"
    },
    {
      "id": "b421",
      "name": "berto ",
      "lastName": "ramirez",
      "email": "berto@gmail.com",
      "position": "desarrollador",
      "date": "2023-02-05",
      "cv": "https://www.funcionpublica.gov.co/documents/418537/28811162/formato-unico-de-hoja-de-vida-persona-natural.pdf/",
      "webSite": "https://riwi.io/",
      "id_company": "8dd4"
    },
    {
      "id": "34f2",
      "name": "mauricio",
      "lastName": "mendez",
      "email": "mauricio@gmail.com",
      "position": "marketing",
      "date": "2023-05-15",
      "cv": "https://www.funcionpublica.gov.co/documents/418537/28811162/formato-unico-de-hoja-de-vida-persona-natural.pdf/",
      "webSite": "https://www.postobon.com/",
      "id_company": "7914"
    },
    {
      "id": "f699",
      "name": "camila",
      "lastName": "villada",
      "email": "camila@gmail.com",
      "position": "enfermera",
      "date": "2023-07-07",
      "cv": "https://www.funcionpublica.gov.co/documents/418537/28811162/formato-unico-de-hoja-de-vida-persona-natural.pdf/",
      "webSite": "https://riwi.io/",
      "id_company": "8dd4"
    }
  ],
  "companies": [
    {
      "id": "8dd4",
      "name": "RIWI",
      "description": "Empresa dedicada a la fabricación de developers",
      "founder": "Joaquin Tomas solano",
      "logo": "https://scontent.fbog10-1.fna.fbcdn.net/v/t39.30808-6/340904003_1091723192037095_8379393387346840377_n.png?_nc_cat=107&ccb=1-7&_nc_sid=efb6e6&_nc_ohc=jz7L8pwalN8AX9A6NSD&_nc_ht=scontent.fbog10-1.fna&oh=00_AfDhiO88UZC1o5ifxuzhGPay1mfPRk8D-vrUhRnFVrHrpw&oe=65BA48AB",
      "webSite": "https://riwi.io/"
    },
    {
      "id": "38cb",
      "name": "CINE COLOMBIA",
      "description": "empresa de exhibición y distribución de cine en Colombia",
      "founder": "Julio Mario Santo Domingo",
      "logo": "https://www.cooperativabolivariana.com/images/portafolio/imagen_id_1366.webp",
      "webSite": "https://www.cinecolombia.com/"
    },
    {
      "id": "e375",
      "name": "PEPSI",
      "description": "Empresa dedicada a la producción de refrescos",
      "founder": "Caleb Dpeneavis Bradham",
      "logo": "https://i.pinimg.com/736x/73/96/df/7396df9a990795e91f0d515a0a4b3c1d.jpg",
      "webSite": "https://www.pepsi.com/en-us/"
    },
    {
      "id": "7914",
      "name": "POSTOBON",
      "description": "Empresa colombiana dedicada a la producción de refrescos ",
      "founder": "valerio tobon y gabriel posada",
      "logo": "https://www.postobon.com/sites/default/files/styles/848x600/public/salaprensa/imagen-nueva-imagen-sabores-postobon.png?itok=OPfxcyuj",
      "webSite": "https://www.postobon.com/"
    },
    {
      "id": "1e51",
      "name": "SUSUKY",
      "description": "es una empresa pública multinacional japonesa dedicada a la fabricación de automóviles ",
      "founder": "Minami-ku (Hamamatsu)",
      "logo": "https://1000logos.net/wp-content/uploads/2020/03/Suzuki-logo-800x450.jpg",
      "webSite": "https://suzuki.com/"
    },
    {
      "id": "8b61",
      "name": "COCA-COLA",
      "description": "Empresa estadounidense dedicada a la produccion de refrescos",
      "founder": "John Stith Pemberton",
      "logo": "https://www.weimarques.es/blog/wp-content/uploads/2013/10/Captura-de-pantalla-2013-10-02-a-las-23.31.20.png",
      "webSite": "https://www.coca-cola.com/co/es"
    }
  ]
}