{
  "news": [
    {
      "id": "e885",
      "title": "Noticia 1",
      "img": "https://files.alerta.rcnradio.com/alerta_paisa/public/2020-12/whatsapp_image_2020-12-20_at_2.34.00_pm_1_0.jpeg",
      "idCategory": "25ae",
      "content": "un incendio se registró en una casa y en un vehículo en el barrio Buenos Aires, oriente de Medellín. Los vecinos alertaron a los organismos de socorro, que de inmediato despacharon  un carro de bomberos. Al llegar al sitio, lograron controlar las llamas y rescatar con graves quemaduras a dos mujeres de 18 y 50 años y a un hombre de 24.",
      "name": "Roberto Cifuentes",
      "publicationDate": "23/02/2024"
    },
    {
      "id": "45b9",
      "title": "Noticia 2",
      "img": "https://qhubobucaramanga.com/wp-content/gallery/marchas-segundo-dia/WhatsApp-Image-2021-04-29-at-16.56.47-1.jpeg",
      "idCategory": "acae",
      "content": "Este jueves se realizó una nueva marcha en el marco del Paro Nacional. Los manifestantes partieron desde el parque San Pío con destino a la Plaza Cívica.",
      "name": "Melinda Perez",
      "publicationDate": "21/03/2023"
    },
    {
      "id": "31dd",
      "title": "Noticia 3",
      "img": "https://th.bing.com/th/id/OIP.OHkU_PH53a8wfHoTsx2A3QHaEK?rs=1&pid=ImgDetMain",
      "idCategory": "acae",
      "content": "Medellín se la considera la ciudad de la eterna primavera por el clima templado e iluminado por los rayos del sol que permanece durante todo el año. La ciudad está preparada para resaltar todavía más las bondades de esta estación.",
      "name": "Silvia Londoño",
      "publicationDate": "15/07/2023"
    },
    {
      "id": "aaaf",
      "title": "Noticia 4",
      "img": "https://caracoltv.brightspotcdn.com/dims4/default/a7fad08/2147483647/strip/true/crop/1086x732+0+0/resize/1000x674!/quality/90/?url=http:%2F%2Fcaracol-brightspot.s3.amazonaws.com%2Ffa%2Fb2%2F1b0c108a42a6a3bd9eebc71a247b%2Fdisturbios-medellin.jpg",
      "idCategory": "91dd",
      "content": "Se ha conocido un nuevo balance preliminar de protestas en Medellín . Hasta el momento se tiene, por lo menos, 26 heridos, 17 civiles y 9 miembros de la Policía Metropolitana.",
      "name": "Rico Gonzalez",
      "publicationDate": "20/05/2022"
    },
    {
      "id": "500a",
      "title": "Noticia 5",
      "img": "https://www.infobae.com/new-resizer/avSSgfw_maX6LGPl_3-5aLqJdBc=/1200x675/filters:format(webp):quality(85)/cloudfront-us-east-1.images.arcpublishing.com/infobae/UGL2SEQDFFG4BKWLOXRFFNV54M.jpg",
      "idCategory": "acae",
      "content": "La Secretaría de Movilidad de Medellín informó sobre la aplicación del Pico y Placa para este lunes 12 de febrero en la capital colombiana. Aquí te damos los detalles de este programa de restricción vehicular y evita multas.",
      "name": "Rodrigo Gutiérrez González",
      "publicationDate": "12/02/2024"
    }
  ],
  "users": [
    {
      "name": "Mario Bermudez",
      "email": "mario@gmail.com",
      "password": "password",
      "id": "c195"
    },
    {
      "name": "Luis Betancur",
      "email": "luis@gmail.com",
      "password": "password",
      "id": "c76e"
    }
  ],
  "categories": [
    {
      "name": "sport",
      "description": "description sports",
      "id": "ab1b"
    },
    {
      "name": "culture",
      "description": "description culture",
      "id": "acae"
    },
    {
      "name": "economic",
      "description": "description economic",
      "id": "55f3"
    },
    {
      "id": "1a2a",
      "name": "health",
      "description": "description health"
    },
    {
      "id": "91dd",
      "name": "war",
      "description": "dscription war"
    },
    {
      "id": "25ae",
      "name": "Fire",
      "description": "description fire"
    }
  ]
}