{
  "employees": [
    {
      "id": "8a11",
      "name": "mario",
      "lastName": "velez",
      "email": "mario@gmail.com",
      "position": "arquitecto",
      "date": "2020-02-03",
      "cv": "hoja de vida",
      "webSite": "https://www.entuhogar.coca-cola.com.co/"
    },
    {
      "id": "471f",
      "name": "mauricio",
      "lastName": "velasques",
      "email": "mauricio@gmail.com",
      "position": "ingeniero",
      "date": "2020-02-03",
      "cv": "https://www.funcionpublica.gov.co/documents/418537/28811162/formato-unico-de-hoja-de-vida-persona-natural.pdf/",
      "webSite": "https://riwi.io/"
    },
    {
      "id": "3596",
      "name": "robinson",
      "lastName": "hud",
      "email": "robinhud@gmail.com",
      "position": "profesor",
      "date": "2021-02-05",
      "cv": "https://www.funcionpublica.gov.co/documents/418537/28811162/formato-unico-de-hoja-de-vida-persona-natural.pdf/",
      "webSite": "https://riwi.io/"
    },
    {
      "id": "c8cf",
      "name": "ramiro",
      "lastName": "otamendi",
      "email": "ramiro@gmail.com",
      "position": "obrero",
      "date": "2021-08-06",
      "cv": "https://www.funcionpublica.gov.co/documents/418537/28811162/formato-unico-de-hoja-de-vida-persona-natural.pdf/",
      "webSite": "https://riwi.io/"
    },
    {
      "id": "fff6",
      "name": "santiago",
      "lastName": "cadavid",
      "email": "santi10@gmail.com",
      "position": "arquitecto de software",
      "date": "2023-02-10",
      "cv": "https://www.funcionpublica.gov.co/documents/418537/28811162/formato-unico-de-hoja-de-vida-persona-natural.pdf/",
      "webSite": "https://riwi.io/"
    }
  ],
  "companies": [
    {
      "id": "99f3",
      "name": "POSTOBON",
      "description": "empresa dedicada a la producción de refrescos",
      "founder": "gabriel posada",
      "logo": "https://www.postobon.com/sites/default/files/styles/848x600/public/salaprensa/imagen-nueva-imagen-sabores-postobon.png?itok=OPfxcyuj",
      "webSite": "https://www.postobon.com"
    }
  ]
}