{
  "employees": [
    {
      "id": "8a11",
      "name": "mario",
      "lastName": "velez",
      "email": "mario@gmail.com",
      "position": "arquitecto",
      "date": "2020-02-03",
      "cv": "hoja de vida",
      "webSite": "https://www.entuhogar.coca-cola.com.co/"
    },
    {
      "id": "471f",
      "name": "mauricio",
      "lastName": "velasques",
      "email": "mauricio@gmail.com",
      "position": "ingeniero",
      "date": "2020-02-03",
      "cv": "https://www.funcionpublica.gov.co/documents/418537/28811162/formato-unico-de-hoja-de-vida-persona-natural.pdf/",
      "webSite": "https://riwi.io/"
    },
    {
      "id": "3596",
      "name": "robinson",
      "lastName": "hud",
      "email": "robinhud@gmail.com",
      "position": "profesor",
      "date": "2021-02-05",
      "cv": "https://www.funcionpublica.gov.co/documents/418537/28811162/formato-unico-de-hoja-de-vida-persona-natural.pdf/",
      "webSite": "https://riwi.io/"
    },
    {
      "id": "c8cf",
      "name": "ramiro",
      "lastName": "otamendi",
      "email": "ramiro@gmail.com",
      "position": "obrero",
      "date": "2021-08-06",
      "cv": "https://www.funcionpublica.gov.co/documents/418537/28811162/formato-unico-de-hoja-de-vida-persona-natural.pdf/",
      "webSite": "https://riwi.io/"
    },
    {
      "id": "fff6",
      "name": "santiago",
      "lastName": "cadavid",
      "email": "santi10@gmail.com",
      "position": "arquitecto de software",
      "date": "2023-02-10",
      "cv": "https://www.funcionpublica.gov.co/documents/418537/28811162/formato-unico-de-hoja-de-vida-persona-natural.pdf/",
      "webSite": "https://riwi.io/"
    }
  ],
  "companies": [
    {
      "id": "99f3",
      "name": "POSTOBON",
      "description": "empresa dedicada a la producción de refrescos",
      "founder": "gabriel posada",
      "logo": "https://www.postobon.com/sites/default/files/styles/848x600/public/salaprensa/imagen-nueva-imagen-sabores-postobon.png?itok=OPfxcyuj",
      "webSite": "https://www.postobon.com"
    },
    {
      "id": "ed98",
      "name": "AVIANCA",
      "description": "ejemplo de una descripción de empresa",
      "founder": "pepe perez",
      "logo": "https://external-content.duckduckgo.com/iu/?u=http%3A%2F%2Fshmector.com%2F_ph%2F13%2F188552034.png&f=1&nofb=1&ipt=b8ddd4827a80ba62b6b963a9d5712aa7c77de8da9a3cbb2be96067eefae32543&ipo=images",
      "webSite": "https://www.avianca.com/es/"
    },
    {
      "id": "4bda",
      "name": "susuky",
      "description": "empresa dedicada a la fabricacion y distribucion de vehiculos",
      "founder": "Michio susuky",
      "logo": "https://external-content.duckduckgo.com/iu/?u=https%3A%2F%2Fcdn.visordown.com%2Fstyles%2Fv2_large%2Fs3%2Ffield%2Fimage%2FSuzuki-logo.png&f=1&nofb=1&ipt=a361b10c04e8e4b3d5cb7a1daf1f13b0f9b6125803a188aca3730b9b17a1768e&ipo=images",
      "webSite": "https://suzuki.com/"
    }
  ]
}